team,scenario,transport_type,alternative_selected,emissions_tonnes_co2_from_transport,emissions_tonnes_co2_from_empty_bus,emissions_tonnes_co2,travel_time_hours
Lille,S-4h,avion,0,268.8174970572932,52.835429999999995,321.6529270572932,70.06111111111112
Lille,S-4h,bus,6,3.319692,0.0,3.319692,22.11
Lille,S-4h,train,6,1.0560573119999999,8.910863999999998,9.966921311999998,37.05888888888889
Lille,S-4h',avion,0,268.8174970572932,0.0,268.8174970572932,70.06111111111112
Lille,S-4h',bus,6,3.319692,0.0,3.319692,22.11
Lille,S-4h',train,6,1.0560573119999999,0.0,1.0560573119999999,37.05888888888889
Lille,S-6h,avion,0,112.59150886262435,23.978238,136.56974686262436,27.413333333333334
Lille,S-6h,bus,8,5.641452,0.0,5.641452,38.586666666666666
Lille,S-6h,train,18,17.531325564,35.446296000000004,52.977621564,150.72333333333333
Lille,S-6h',avion,0,112.59150886262435,0.0,112.59150886262435,27.413333333333334
Lille,S-6h',bus,8,5.641452,0.0,5.641452,38.586666666666666
Lille,S-6h',train,18,17.531325564,0.0,17.531325564,150.72333333333333
Lille,S-NP,bus,8,5.641452,0.0,5.641452,38.586666666666666
Lille,S-NP,train,26,28.994894495999997,59.424534,88.419428496,275.53444444444443
Lille,S-NP',bus,8,5.641452,0.0,5.641452,38.586666666666666
Lille,S-NP',train,26,28.994894495999997,0.0,28.994894495999997,275.53444444444443
Lille,SA,avion,0,309.1070554490628,60.38466,369.4917154490628,80.89777777777778
Lille,SA,bus,0,4.681326,0.0,4.681326,32.172222222222224
Lille,SA',avion,0,309.1070554490628,0.0,309.1070554490628,80.89777777777778
Lille,SA',bus,0,4.681326,0.0,4.681326,32.172222222222224
Strasbourg,S-4h,avion,0,303.73195305277864,59.444682,363.17663505277864,90.27222222222223
Strasbourg,S-4h,train,8,1.1720458120000001,11.614109999999998,12.786155811999999,47.93888888888889
Strasbourg,S-4h',avion,0,303.73195305277864,0.0,303.73195305277864,90.27222222222223
Strasbourg,S-4h',train,8,1.1720458120000001,0.0,1.1720458120000001,47.93888888888889
Strasbourg,S-6h,avion,0,151.54870140591558,31.29423,182.84293140591558,44.4
Strasbourg,S-6h,bus,2,2.8930680000000004,0.0,2.8930680000000004,19.134444444444444
Strasbourg,S-6h,train,20,4.763018659999999,36.871494,41.63451266,172.76333333333332
Strasbourg,S-6h',avion,0,151.54870140591558,0.0,151.54870140591558,44.4
Strasbourg,S-6h',bus,2,2.8930680000000004,0.0,2.8930680000000004,19.134444444444444
Strasbourg,S-6h',train,20,4.763018659999999,0.0,4.763018659999999,172.76333333333332
Strasbourg,S-NP,bus,6,12.264936,0.0,12.264936,87.36666666666666
Strasbourg,S-NP,train,28,19.294334568,58.793856,78.088190568,288.24444444444447
Strasbourg,S-NP',bus,6,12.264936,0.0,12.264936,87.36666666666666
Strasbourg,S-NP',train,28,19.294334568,0.0,19.294334568,288.24444444444447
Strasbourg,SA,avion,0,348.51616392537807,67.458144,415.97430792537807,105.76555555555555
Strasbourg,SA,bus,0,2.1040680000000003,0.0,2.1040680000000003,13.908888888888889
Strasbourg,SA,train,0,0.150646736,1.49658,1.647226736,5.026666666666666
Strasbourg,SA',avion,0,348.51616392537807,0.0,348.51616392537807,105.76555555555555
Strasbourg,SA',bus,0,2.1040680000000003,0.0,2.1040680000000003,13.908888888888889
Strasbourg,SA',train,0,0.150646736,0.0,0.150646736,5.026666666666666
Montpellier,S-4h,avion,0,260.96958586244324,51.62587499999999,312.59546086244325,80.89111111111112
Montpellier,S-4h,bus,8,8.935551,0.0,8.935551,59.505
Montpellier,S-4h,train,4,0.78916388,6.324515999999999,7.113679879999999,26.19
Montpellier,S-4h',avion,0,260.96958586244324,0.0,260.96958586244324,80.89111111111112
Montpellier,S-4h',bus,8,8.935551,0.0,8.935551,59.505
Montpellier,S-4h',train,4,0.78916388,0.0,0.78916388,26.19
Montpellier,S-6h,avion,0,197.6861000842113,40.032411,237.7185110842113,60.16555555555556
Montpellier,S-6h,bus,12,14.691249,0.0,14.691249,99.4961111111111
Montpellier,S-6h,train,6,1.332321952,12.162282,13.494603951999999,48.09111111111111
Montpellier,S-6h',avion,0,197.6861000842113,0.0,197.6861000842113,60.16555555555556
Montpellier,S-6h',bus,12,14.691249,0.0,14.691249,99.4961111111111
Montpellier,S-6h',train,6,1.332321952,0.0,1.332321952,48.09111111111111
Montpellier,S-NP,bus,12,12.195708,0.0,12.195708,84.60222222222222
Montpellier,S-NP,train,22,16.187722812,54.690234,70.877956812,265.6777777777778
Montpellier,S-NP',bus,12,12.195708,0.0,12.195708,84.60222222222222
Montpellier,S-NP',train,22,16.187722812,0.0,16.187722812,265.6777777777778
Montpellier,SA,avion,0,299.3348008386772,58.031426999999994,357.3662278386772,94.46222222222222
Montpellier,SA,bus,0,8.854515,0.0,8.854515,58.67166666666667
Montpellier,SA',avion,0,299.3348008386772,0.0,299.3348008386772,94.46222222222222
Montpellier,SA',bus,0,8.854515,0.0,8.854515,58.67166666666667
Le Havre,S-4h,avion,0,216.31827397018534,42.920418,259.23869197018536,60.96222222222222
Le Havre,S-4h,bus,16,16.822955999999998,0.0,16.822955999999998,109.13055555555556
Le Havre,S-4h',avion,0,216.31827397018534,0.0,216.31827397018534,60.96222222222222
Le Havre,S-4h',bus,16,16.822955999999998,0.0,16.822955999999998,109.13055555555556
Le Havre,S-6h,avion,0,154.58909331474658,32.018975999999995,186.60806931474656,42.94222222222222
Le Havre,S-6h,bus,18,19.554365999999998,0.0,19.554365999999998,127.70833333333333
Le Havre,S-6h,train,4,2.031154084,8.170032,10.201186084000001,41.96
Le Havre,S-6h',avion,0,154.58909331474658,0.0,154.58909331474658,42.94222222222222
Le Havre,S-6h',bus,18,19.554365999999998,0.0,19.554365999999998,127.70833333333333
Le Havre,S-6h',train,4,2.031154084,0.0,2.031154084,41.96
Le Havre,S-NP,bus,20,22.504476,0.0,22.504476,146.74666666666667
Le Havre,S-NP,train,14,16.0113222,37.238898,53.2502202,203.41333333333333
Le Havre,S-NP',bus,20,22.504476,0.0,22.504476,146.74666666666667
Le Havre,S-NP',train,14,16.0113222,0.0,16.0113222,203.41333333333333
Le Havre,SA,avion,0,239.52739281401483,46.284999,285.81239181401486,70.16222222222223
Le Havre,SA,bus,0,13.458375,0.0,13.458375,87.18388888888889
Le Havre,SA',avion,0,239.52739281401483,0.0,239.52739281401483,70.16222222222223
Le Havre,SA',bus,0,13.458375,0.0,13.458375,87.18388888888889
Marseille,S-4h,avion,0,273.57124970111425,56.669982000000005,330.24123170111426,84.52666666666667
Marseille,S-4h,bus,8,6.103235999999999,0.0,6.103235999999999,42.47666666666667
Marseille,S-4h,train,6,0.9038561679999999,8.791044,9.694900168,38.68222222222222
Marseille,S-4h',avion,0,273.57124970111425,0.0,273.57124970111425,84.52666666666667
Marseille,S-4h',bus,8,6.103235999999999,0.0,6.103235999999999,42.47666666666667
Marseille,S-4h',train,6,0.9038561679999999,0.0,0.9038561679999999,38.68222222222222
Marseille,S-6h,avion,0,165.95775480435475,36.053442000000004,202.01119680435477,50.23222222222222
Marseille,S-6h,bus,8,6.103235999999999,0.0,6.103235999999999,42.47666666666667
Marseille,S-6h,train,14,15.245795379999999,29.407584,44.65337938,128.49444444444444
Marseille,S-6h',avion,0,165.95775480435475,0.0,165.95775480435475,50.23222222222222
Marseille,S-6h',bus,8,6.103235999999999,0.0,6.103235999999999,42.47666666666667
Marseille,S-6h',train,14,15.245795379999999,0.0,15.245795379999999,128.49444444444444
Marseille,S-NP,bus,8,6.103235999999999,0.0,6.103235999999999,42.47666666666667
Marseille,S-NP,train,26,39.125201483999994,65.461026,104.586227484,292.50888888888886
Marseille,S-NP',bus,8,6.103235999999999,0.0,6.103235999999999,42.47666666666667
Marseille,S-NP',train,26,39.125201483999994,0.0,39.125201483999994,292.50888888888886
Marseille,SA,avion,0,342.5132434278523,67.88365800000001,410.3969014278523,110.79
Marseille,SA,bus,0,3.6806039999999993,0.0,3.6806039999999993,26.684444444444445
Marseille,SA',avion,0,342.5132434278523,0.0,342.5132434278523,110.79
Marseille,SA',bus,0,3.6806039999999993,0.0,3.6806039999999993,26.684444444444445
Auxerre,S-4h,avion,0,188.27531438483618,34.271358,222.54667238483617,57.11388888888889
Auxerre,S-4h,bus,12,12.388608,0.0,12.388608,82.41277777777778
Auxerre,S-4h,train,2,2.302914324,2.212782,4.515696324,15.233333333333333
Auxerre,S-4h',avion,0,188.27531438483618,0.0,188.27531438483618,57.11388888888889
Auxerre,S-4h',bus,12,12.388608,0.0,12.388608,82.41277777777778
Auxerre,S-4h',train,2,2.302914324,0.0,2.302914324,15.233333333333333
Auxerre,S-6h,avion,0,88.6696906714752,17.335062,106.00475267147519,25.174444444444443
Auxerre,S-6h,bus,22,25.603554,0.0,25.603554,169.10222222222222
Auxerre,S-6h,train,4,3.0167665359999996,5.934132,8.950898536,38.068888888888885
Auxerre,S-6h',avion,0,88.6696906714752,0.0,88.6696906714752,25.174444444444443
Auxerre,S-6h',bus,22,25.603554,0.0,25.603554,169.10222222222222
Auxerre,S-6h',train,4,3.0167665359999996,0.0,3.0167665359999996,38.068888888888885
Auxerre,S-NP,bus,28,38.640054000000006,0.0,38.640054000000006,255.29
Auxerre,S-NP,train,6,5.113015616,10.232693999999999,15.345709615999999,65.64666666666666
Auxerre,S-NP',bus,28,38.640054000000006,0.0,38.640054000000006,255.29
Auxerre,S-NP',train,6,5.113015616,0.0,5.113015616,65.64666666666666
Auxerre,SA,avion,0,240.54360174441635,42.034413,282.57801474441635,75.285
Auxerre,SA,bus,0,6.838334999999999,0.0,6.838334999999999,46.855555555555554
Auxerre,SA',avion,0,240.54360174441635,0.0,240.54360174441635,75.285
Auxerre,SA',bus,0,6.838334999999999,0.0,6.838334999999999,46.855555555555554
Brest,S-4h,avion,0,382.78126539911403,78.929964,461.711229399114,99.8711111111111
Brest,S-4h,bus,6,5.453201999999999,0.0,5.453201999999999,36.62888888888889
Brest,S-4h',avion,0,382.78126539911403,0.0,382.78126539911403,99.8711111111111
Brest,S-4h',bus,6,5.453201999999999,0.0,5.453201999999999,36.62888888888889
Brest,S-6h,avion,0,344.75637617549773,72.687378,417.4437541754977,87.85444444444444
Brest,S-6h,bus,8,8.184612,0.0,8.184612,55.20666666666666
Brest,S-6h,train,2,0.31374727999999996,3.511175999999999,3.824923279999999,16.605555555555554
Brest,S-6h',avion,0,344.75637617549773,0.0,344.75637617549773,87.85444444444444
Brest,S-6h',bus,8,8.184612,0.0,8.184612,55.20666666666666
Brest,S-6h',train,2,0.31374727999999996,0.0,0.31374727999999996,16.605555555555554
Brest,S-NP,bus,10,13.497738,0.0,13.497738,87.80888888888889
Brest,S-NP,train,24,26.77661,70.885428,97.66203800000001,381.5733333333333
Brest,S-NP',bus,10,13.497738,0.0,13.497738,87.80888888888889
Brest,S-NP',train,24,26.77661,0.0,26.77661,381.5733333333333
Brest,SA,avion,0,382.78126539911403,78.929964,461.711229399114,99.8711111111111
Brest,SA,bus,0,5.453201999999999,0.0,5.453201999999999,36.62888888888889
Brest,SA',avion,0,382.78126539911403,0.0,382.78126539911403,99.8711111111111
Brest,SA',bus,0,5.453201999999999,0.0,5.453201999999999,36.62888888888889
Reims,S-4h,avion,0,208.58168131423014,38.499978,247.08165931423014,75.065
Reims,S-4h,bus,8,7.266594,0.0,7.266594,48.78388888888889
Reims,S-4h,train,8,0.8737550559999999,8.523588,9.397343056,45.242222222222225
Reims,S-4h',avion,0,208.58168131423014,0.0,208.58168131423014,75.065
Reims,S-4h',bus,8,7.266594,0.0,7.266594,48.78388888888889
Reims,S-4h',train,8,0.8737550559999999,0.0,0.8737550559999999,45.242222222222225
Reims,S-6h,avion,0,131.00322456091706,25.886027999999996,156.88925256091704,44.86666666666667
Reims,S-6h,bus,8,5.626428,0.0,5.626428,38.44777777777778
Reims,S-6h,train,16,10.967120955999999,22.777703999999996,33.744824955999995,122.27444444444444
Reims,S-6h',avion,0,131.00322456091706,0.0,131.00322456091706,44.86666666666667
Reims,S-6h',bus,8,5.626428,0.0,5.626428,38.44777777777778
Reims,S-6h',train,16,10.967120955999999,0.0,10.967120955999999,122.27444444444444
Reims,S-NP,bus,8,5.626428,0.0,5.626428,38.44777777777778
Reims,S-NP,train,26,43.364801156,48.663732,92.02853315600001,275.6711111111111
Reims,S-NP',bus,8,5.626428,0.0,5.626428,38.44777777777778
Reims,S-NP',train,26,43.364801156,0.0,43.364801156,275.6711111111111
Reims,SA,avion,0,236.4292943932871,42.733943999999994,279.1632383932871,85.97722222222222
Reims,SA,bus,0,10.269318,0.0,10.269318,69.34388888888888
Reims,SA,train,0,0.12198946,1.2868979999999999,1.4088874599999999,7.535
Reims,SA',avion,0,236.4292943932871,0.0,236.4292943932871,85.97722222222222
Reims,SA',bus,0,10.269318,0.0,10.269318,69.34388888888888
Reims,SA',train,0,0.12198946,0.0,0.12198946,7.535
Toulouse,S-4h,avion,0,344.1346985035103,64.852152,408.9868505035103,100.85111111111111
Toulouse,S-4h,bus,4,3.8717159999999993,0.0,3.8717159999999993,25.09888888888889
Toulouse,S-4h',avion,0,344.1346985035103,0.0,344.1346985035103,100.85111111111111
Toulouse,S-4h',bus,4,3.8717159999999993,0.0,3.8717159999999993,25.09888888888889
Toulouse,S-6h,avion,0,226.78180916330606,43.46908200000001,270.25089116330605,64.1
Toulouse,S-6h,bus,12,17.913078000000002,0.0,17.913078000000002,111.60888888888888
Toulouse,S-6h,train,4,0.795753168,7.341708000000001,8.137461168,40.67444444444445
Toulouse,S-6h',avion,0,226.78180916330606,0.0,226.78180916330606,64.1
Toulouse,S-6h',bus,12,17.913078000000002,0.0,17.913078000000002,111.60888888888888
Toulouse,S-6h',train,4,0.795753168,0.0,0.795753168,40.67444444444445
Toulouse,S-NP,bus,22,39.754674,0.0,39.754674,252.40666666666667
Toulouse,S-NP,train,12,19.7495682,28.969194,48.7187622,170.59666666666666
Toulouse,S-NP',bus,22,39.754674,0.0,39.754674,252.40666666666667
Toulouse,S-NP',train,12,19.7495682,0.0,19.7495682,170.59666666666666
Toulouse,SA,avion,0,359.8087550049987,67.27478400000001,427.0835390049987,107.01222222222222
Toulouse,SA,bus,0,1.449084,0.0,1.449084,9.306666666666667
Toulouse,SA',avion,0,359.8087550049987,0.0,359.8087550049987,107.01222222222222
Toulouse,SA',bus,0,1.449084,0.0,1.449084,9.306666666666667
Monaco,S-4h,avion,0,380.70034061336384,83.264802,463.9651426133638,124.61
Monaco,S-4h,bus,4,1.554282,0.0,1.554282,11.851111111111111
Monaco,S-4h',avion,0,380.70034061336384,0.0,380.70034061336384,124.61
Monaco,S-4h',bus,4,1.554282,0.0,1.554282,11.851111111111111
Monaco,S-6h,avion,0,335.65892454566557,75.057348,410.71627254566556,105.87666666666667
Monaco,S-6h,bus,10,9.761736,0.0,9.761736,69.03777777777778
Monaco,S-6h',avion,0,335.65892454566557,0.0,335.65892454566557,105.87666666666667
Monaco,S-6h',bus,10,9.761736,0.0,9.761736,69.03777777777778
Monaco,S-NP,bus,16,22.651644,0.0,22.651644,157.85555555555555
Monaco,S-NP,train,18,30.210144188,62.16744,92.377584188,335.2611111111111
Monaco,S-NP',bus,16,22.651644,0.0,22.651644,157.85555555555555
Monaco,S-NP',train,18,30.210144188,0.0,30.210144188,335.2611111111111
Monaco,SA,avion,0,380.70034061336384,83.264802,463.9651426133638,124.61
Monaco,SA,bus,0,1.554282,0.0,1.554282,11.851111111111111
Monaco,SA',avion,0,380.70034061336384,0.0,380.70034061336384,124.61
Monaco,SA',bus,0,1.554282,0.0,1.554282,11.851111111111111
Lens,S-4h,avion,0,277.78442148793414,53.50351799999998,331.2879394879341,86.58444444444444
Lens,S-4h,bus,6,3.095796,0.0,3.095796,21.064444444444444
Lens,S-4h,train,6,2.8075095119999998,6.662663999999999,9.470173511999999,37.44555555555556
Lens,S-4h',avion,0,277.78442148793414,0.0,277.78442148793414,86.58444444444444
Lens,S-4h',bus,6,3.095796,0.0,3.095796,21.064444444444444
Lens,S-4h',train,6,2.8075095119999998,0.0,2.8075095119999998,37.44555555555556
Lens,S-6h,avion,0,142.2408272232859,29.251715999999984,171.49254322328588,41.943333333333335
Lens,S-6h,bus,6,3.095796,0.0,3.095796,21.064444444444444
Lens,S-6h,train,18,30.436049512,30.914465999999997,61.350515512,153.36666666666667
Lens,S-6h',avion,0,142.2408272232859,0.0,142.2408272232859,41.943333333333335
Lens,S-6h',bus,6,3.095796,0.0,3.095796,21.064444444444444
Lens,S-6h',train,18,30.436049512,0.0,30.436049512,153.36666666666667
Lens,S-NP,bus,6,3.095796,0.0,3.095796,21.064444444444444
Lens,S-NP,train,28,44.171872168,60.16618199999999,104.33805416799999,312.53333333333336
Lens,S-NP',bus,6,3.095796,0.0,3.095796,21.064444444444444
Lens,S-NP',train,28,44.171872168,0.0,44.171872168,312.53333333333336
Lens,SA,avion,0,311.34651344906274,58.917281999999986,370.26379544906274,99.19888888888889
Lens,SA,bus,0,4.344696,0.0,4.344696,30.625555555555554
Lens,SA',avion,0,311.34651344906274,0.0,311.34651344906274,99.19888888888889
Lens,SA',bus,0,4.344696,0.0,4.344696,30.625555555555554
Paris Saint-Germain,S-4h,avion,0,98.41090079520082,19.082849999999997,117.49375079520081,32.05111111111111
Paris Saint-Germain,S-4h,bus,4,2.1661439999999996,0.0,2.1661439999999996,15.085555555555555
Paris Saint-Germain,S-4h,train,22,3.1267659520000004,27.907404,31.034169952,112.86888888888889
Paris Saint-Germain,S-4h',avion,0,98.41090079520082,0.0,98.41090079520082,32.05111111111111
Paris Saint-Germain,S-4h',bus,4,2.1661439999999996,0.0,2.1661439999999996,15.085555555555555
Paris Saint-Germain,S-4h',train,22,3.1267659520000004,0.0,3.1267659520000004,112.86888888888889
Paris Saint-Germain,S-6h,avion,0,53.04585090371691,11.499282,64.5451329037169,17.255555555555556
Paris Saint-Germain,S-6h,bus,4,2.1661439999999996,0.0,2.1661439999999996,15.085555555555555
Paris Saint-Germain,S-6h,train,26,3.85814172,35.49097199999999,39.34911371999999,150.70666666666668
Paris Saint-Germain,S-6h',avion,0,53.04585090371691,0.0,53.04585090371691,17.255555555555556
Paris Saint-Germain,S-6h',bus,4,2.1661439999999996,0.0,2.1661439999999996,15.085555555555555
Paris Saint-Germain,S-6h',train,26,3.85814172,0.0,3.85814172,150.70666666666668
Paris Saint-Germain,S-NP,bus,4,2.1661439999999996,0.0,2.1661439999999996,15.085555555555555
Paris Saint-Germain,S-NP,train,30,5.079783672,46.990254,52.070037672,204.70444444444445
Paris Saint-Germain,S-NP',bus,4,2.1661439999999996,0.0,2.1661439999999996,15.085555555555555
Paris Saint-Germain,S-NP',train,30,5.079783672,0.0,5.079783672,204.70444444444445
Paris Saint-Germain,SA,"aller en bus
retour en avion",0,0.0,0.8698229999999999,0.8698229999999999,0.0
Paris Saint-Germain,SA,avion,0,201.60707636262126,36.435362999999995,238.04243936262125,70.06166666666667
Paris Saint-Germain,SA,bus,0,7.8535770000000005,0.0,7.8535770000000005,55.13166666666667
Paris Saint-Germain,SA,train,0,0.40173665199999997,3.997635,4.399371652,15.703333333333333
Paris Saint-Germain,SA',"aller en bus
retour en avion",0,0.0,0.0,0.0,0.0
Paris Saint-Germain,SA',avion,0,201.60707636262126,0.0,201.60707636262126,70.06166666666667
Paris Saint-Germain,SA',bus,0,7.8535770000000005,0.0,7.8535770000000005,55.13166666666667
Paris Saint-Germain,SA',train,0,0.40173665199999997,0.0,0.40173665199999997,15.703333333333333
Saint-Étienne,S-4h,avion,0,222.19149195889142,42.45414,264.64563195889144,64.02944444444445
Saint-Étienne,S-4h,bus,6,8.34474,0.0,8.34474,54.5
Saint-Étienne,S-4h,train,4,0.521208312,5.288616,5.809824312,25.964444444444446
Saint-Étienne,S-4h',avion,0,222.19149195889142,0.0,222.19149195889142,64.02944444444445
Saint-Étienne,S-4h',bus,6,8.34474,0.0,8.34474,54.5
Saint-Étienne,S-4h',train,4,0.521208312,0.0,0.521208312,25.964444444444446
Saint-Étienne,S-6h,avion,0,38.60999824423262,7.810997999999998,46.42099624423262,9.384444444444444
Saint-Étienne,S-6h,bus,16,23.329391999999995,0.0,23.329391999999995,146.98722222222221
Saint-Étienne,S-6h,train,14,4.464795144,24.947105999999998,29.411901143999998,129.67888888888888
Saint-Étienne,S-6h',avion,0,38.60999824423262,0.0,38.60999824423262,9.384444444444444
Saint-Étienne,S-6h',bus,16,23.329391999999995,0.0,23.329391999999995,146.98722222222221
Saint-Étienne,S-6h',train,14,4.464795144,0.0,4.464795144,129.67888888888888
Saint-Étienne,S-NP,bus,16,21.189203999999997,0.0,21.189203999999997,133.90222222222224
Saint-Étienne,S-NP,train,18,9.41646342,34.898292,44.31475542,187.72333333333333
Saint-Étienne,S-NP',bus,16,21.189203999999997,0.0,21.189203999999997,133.90222222222224
Saint-Étienne,S-NP',train,18,9.41646342,0.0,9.41646342,187.72333333333333
Saint-Étienne,SA,avion,0,252.2548829015649,47.193489,299.4483719015649,74.91555555555556
Saint-Étienne,SA,bus,0,7.2627749999999995,0.0,7.2627749999999995,47.404444444444444
Saint-Étienne,SA,train,0,0.158100188,1.631232,1.789332188,6.928333333333334
Saint-Étienne,SA',avion,0,252.2548829015649,0.0,252.2548829015649,74.91555555555556
Saint-Étienne,SA',bus,0,7.2627749999999995,0.0,7.2627749999999995,47.404444444444444
Saint-Étienne,SA',train,0,0.158100188,0.0,0.158100188,6.928333333333334
Nice,S-4h,avion,0,364.1608050070182,79.34664599999999,443.5074510070182,94.71777777777778
Nice,S-4h,bus,6,3.37614,0.0,3.37614,23.875555555555554
Nice,S-4h',avion,0,364.1608050070182,0.0,364.1608050070182,94.71777777777778
Nice,S-4h',bus,6,3.37614,0.0,3.37614,23.875555555555554
Nice,S-6h,avion,0,313.7130023310103,70.18362599999999,383.8966283310103,80.54777777777778
Nice,S-6h,bus,12,12.539159999999999,0.0,12.539159999999999,83.80666666666667
Nice,S-6h',avion,0,313.7130023310103,0.0,313.7130023310103,80.54777777777778
Nice,S-6h',bus,12,12.539159999999999,0.0,12.539159999999999,83.80666666666667
Nice,S-NP,bus,16,21.863124,0.0,21.863124,146.98111111111112
Nice,S-NP,train,18,28.262918828,60.85966200000001,89.12258082800001,332.8644444444444
Nice,S-NP',bus,16,21.863124,0.0,21.863124,146.98111111111112
Nice,S-NP',train,18,28.262918828,0.0,28.262918828,332.8644444444444
Nice,SA,avion,0,378.2917606133638,81.32121599999999,459.6129766133638,99.81
Nice,SA,bus,0,1.40157,0.0,1.40157,10.204444444444444
Nice,SA',avion,0,378.2917606133638,0.0,378.2917606133638,99.81
Nice,SA',bus,0,1.40157,0.0,1.40157,10.204444444444444
Rennes,S-4h,avion,0,264.61401868226636,53.57500800000002,318.1890266822664,70.52333333333333
Rennes,S-4h,bus,8,4.531638,0.0,4.531638,31.01
Rennes,S-4h,train,4,0.48931963199999995,5.048388000000001,5.537707632000001,23.17111111111111
Rennes,S-4h',avion,0,264.61401868226636,0.0,264.61401868226636,70.52333333333333
Rennes,S-4h',bus,8,4.531638,0.0,4.531638,31.01
Rennes,S-4h',train,4,0.48931963199999995,0.0,0.48931963199999995,23.17111111111111
Rennes,S-6h,avion,0,137.11764747575643,30.23085600000001,167.34850347575644,36.26555555555556
Rennes,S-6h,bus,10,7.4228819999999995,0.0,7.4228819999999995,49.446666666666665
Rennes,S-6h,train,14,21.508710076,25.501296,47.010006075999996,119.63666666666667
Rennes,S-6h',avion,0,137.11764747575643,0.0,137.11764747575643,36.26555555555556
Rennes,S-6h',bus,10,7.4228819999999995,0.0,7.4228819999999995,49.446666666666665
Rennes,S-6h',train,14,21.508710076,0.0,21.508710076,119.63666666666667
Rennes,S-NP,bus,12,11.656446,0.0,11.656446,75.05333333333333
Rennes,S-NP,train,22,27.630374515999996,51.498588,79.128962516,244.0377777777778
Rennes,S-NP',bus,12,11.656446,0.0,11.656446,75.05333333333333
Rennes,S-NP',train,22,27.630374515999996,0.0,27.630374515999996,244.0377777777778
Rennes,SA,avion,0,291.810345753094,57.57273600000001,349.383081753094,80.75166666666667
Rennes,SA,bus,0,5.582298,0.0,5.582298,37.80833333333333
Rennes,SA',avion,0,291.810345753094,0.0,291.810345753094,80.75166666666667
Rennes,SA',bus,0,5.582298,0.0,5.582298,37.80833333333333
Nantes,S-4h,avion,0,269.997767287744,51.13811099999999,321.135878287744,92.02277777777778
Nantes,S-4h,bus,8,9.220274999999999,0.0,9.220274999999999,58.995555555555555
Nantes,S-4h,train,2,0.23989172,2.2551659999999996,2.4950577199999997,10.41
Nantes,S-4h',avion,0,269.997767287744,0.0,269.997767287744,92.02277777777778
Nantes,S-4h',bus,8,9.220274999999999,0.0,9.220274999999999,58.995555555555555
Nantes,S-4h',train,2,0.23989172,0.0,0.23989172,10.41
Nantes,S-6h,avion,0,101.18720145415536,22.355055,123.54225645415536,32.71666666666667
Nantes,S-6h,bus,14,18.247208999999998,0.0,18.247208999999998,112.53277777777778
Nantes,S-6h,train,12,11.652375408000001,22.011288,33.663663408000005,109.1288888888889
Nantes,S-6h',avion,0,101.18720145415536,0.0,101.18720145415536,32.71666666666667
Nantes,S-6h',bus,14,18.247208999999998,0.0,18.247208999999998,112.53277777777778
Nantes,S-6h',train,12,11.652375408000001,0.0,11.652375408000001,109.1288888888889
Nantes,S-NP,bus,14,15.751667999999999,0.0,15.751667999999999,97.63888888888889
Nantes,S-NP,train,20,25.217744976000002,46.861883999999996,72.079628976,243.98777777777778
Nantes,S-NP',bus,14,15.751667999999999,0.0,15.751667999999999,97.63888888888889
Nantes,S-NP',train,20,25.217744976000002,0.0,25.217744976000002,243.98777777777778
Nantes,SA,avion,0,294.57544257561085,54.555611999999996,349.13105457561085,102.715
Nantes,SA,bus,0,8.05794,0.0,8.05794,51.25666666666667
Nantes,SA',avion,0,294.57544257561085,0.0,294.57544257561085,102.715
Nantes,SA',bus,0,8.05794,0.0,8.05794,51.25666666666667
Lyon,S-4h,avion,0,222.61962092727526,41.50333800000001,264.12295892727525,67.35333333333334
Lyon,S-4h,bus,4,2.336034,0.0,2.336034,15.833333333333334
Lyon,S-4h,train,8,1.4251143279999998,10.954367999999999,12.379482327999998,47.507777777777775
Lyon,S-4h',avion,0,222.61962092727526,0.0,222.61962092727526,67.35333333333334
Lyon,S-4h',bus,4,2.336034,0.0,2.336034,15.833333333333334
Lyon,S-4h',train,8,1.4251143279999998,0.0,1.4251143279999998,47.507777777777775
Lyon,S-6h,avion,0,28.44195303642295,5.91357,34.35552303642295,6.695555555555556
Lyon,S-6h,bus,8,8.207201999999999,0.0,8.207201999999999,54.25222222222222
Lyon,S-6h,train,24,4.914502172,40.672968,45.587470171999996,196.39888888888888
Lyon,S-6h',avion,0,28.44195303642295,0.0,28.44195303642295,6.695555555555556
Lyon,S-6h',bus,8,8.207201999999999,0.0,8.207201999999999,54.25222222222222
Lyon,S-6h',train,24,4.914502172,0.0,4.914502172,196.39888888888888
Lyon,S-NP,bus,8,8.207201999999999,0.0,8.207201999999999,54.25222222222222
Lyon,S-NP,train,26,7.310568139999999,46.586538,53.89710614,226.57111111111112
Lyon,S-NP',bus,8,8.207201999999999,0.0,8.207201999999999,54.25222222222222
Lyon,S-NP',train,26,7.310568139999999,0.0,7.310568139999999,226.57111111111112
Lyon,SA,avion,0,284.3686244564162,51.51671700000001,335.88534145641626,87.43388888888889
Lyon,SA,bus,0,3.2770230000000002,0.0,3.2770230000000002,22.515
Lyon,SA',avion,0,284.3686244564162,0.0,284.3686244564162,87.43388888888889
Lyon,SA',bus,0,3.2770230000000002,0.0,3.2770230000000002,22.515
Angers,S-4h,avion,0,221.0460655211525,44.604378,265.6504435211525,66.69777777777777
Angers,S-4h,bus,10,7.8136019999999995,0.0,7.8136019999999995,52.684444444444445
Angers,S-4h,train,4,0.429958376,4.313441999999999,4.743400375999999,22.566666666666666
Angers,S-4h',avion,0,221.0460655211525,0.0,221.0460655211525,66.69777777777777
Angers,S-4h',bus,10,7.8136019999999995,0.0,7.8136019999999995,52.684444444444445
Angers,S-4h',train,4,0.429958376,0.0,0.429958376,22.566666666666666
Angers,S-6h,avion,0,102.13580085074634,22.955016000000004,125.09081685074634,30.436666666666667
Angers,S-6h,bus,14,15.084366,0.0,15.084366,95.45222222222222
Angers,S-6h,train,12,7.449794427999999,18.692040000000002,26.141834428000003,93.4588888888889
Angers,S-6h',avion,0,102.13580085074634,0.0,102.13580085074634,30.436666666666667
Angers,S-6h',bus,14,15.084366,0.0,15.084366,95.45222222222222
Angers,S-6h',train,12,7.449794427999999,0.0,7.449794427999999,93.4588888888889
Angers,S-NP,bus,14,15.084366,0.0,15.084366,95.45222222222222
Angers,S-NP,train,20,19.270429296000003,41.647056,60.917485296,215.51444444444445
Angers,S-NP',bus,14,15.084366,0.0,15.084366,95.45222222222222
Angers,S-NP',train,20,19.270429296000003,0.0,19.270429296000003,215.51444444444445
Angers,SA,"aller en bus
retour en avion",0,0.0,0.8698229999999999,0.8698229999999999,0.0
Angers,SA,avion,0,244.7125514611752,48.332376000000004,293.0449274611752,75.57444444444444
Angers,SA,bus,0,5.372502,0.0,5.372502,37.61333333333334
Angers,SA,train,0,0.214979188,2.156721,2.371700188,11.283333333333333
Angers,SA',"aller en bus
retour en avion",0,0.0,0.0,0.0,0.0
Angers,SA',avion,0,244.7125514611752,0.0,244.7125514611752,75.57444444444444
Angers,SA',bus,0,5.372502,0.0,5.372502,37.61333333333334
Angers,SA',train,0,0.214979188,0.0,0.214979188,11.283333333333333
